address	kind	name	type	comment
10004840	function	D3D_set_screen_mode		Sets a full-screen display mode: the front, back and depth buffers, the device, and the render states the driver keeps
10003c20	function	D3D_set_screen_mode_windowed		The same in a window
100084a0	function	set_render_state	void __fastcall (int state, int value)	Sets a render state unless it already has the value
100056b0	function	SR_driver_init		Fills the payload's device table with the driver's functions and sets up the blend factors for each mode
100077a0	function	begin_scene	int __fastcall (void)	Clears to black and to depth 0, begins the scene, and draws a background image when one is set
10007c10	function	end_scene	int __fastcall (void)	Ends the scene
10003390	function	flush_blended	void __fastcall (void *list, int layer)	Draws a layer's sorted blended polygons: every first pass, then the second passes
10006ad0	function	draw_mesh	int __fastcall (void *object, int layer)	Draws a mesh object's visible polygons group by group: opaque groups now, in one pass or two; blended ones go to the layer's list
10002920	function	draw_pass	void __fastcall (void *object, void *polygons, int group)	Draws a group's polygons for the current pass with one texture
10002500	function	draw_both_passes	void __fastcall (void *object, void *polygons, int group)	Draws a group's polygons with both passes' textures at once
10002400	function	defer_blended	void __fastcall (void *object, void *polygons, int group)	Keys each of a group's polygons by its mean depth plus its bias and adds it to the layer's list
10001b20	function	set_material	void __fastcall (void)	Render states for current_material and current_pass: texture, stage operations, blending
100019c0	function	needs_two_passes	int __fastcall (void)	1 when the device cannot draw current_material's two passes at once
100018b0	function	set_depth	void __fastcall (void)	Depth test and writes for current_layer and the pass's blend
10005500	function	stage_table_init	void __fastcall (void)	Fills stage_table
10001820	function	make_highlights	void __fastcall (void)	Makes the eight highlight textures
10001620	function	make_highlight	void __fastcall (void *image, int index)	Fills a 64x64 highlight texture
10006bf0	function	draw_sprites	int __fastcall (void *sprites, int layer)	Draws a set of sprites, or, with a blended material, puts each aside keyed by its depth plus its bias
10006c80	function	draw_stars	int __fastcall (void *stars, int layer)	Draws a star field, or, with a blended material, puts it aside with key 0
10006ce0	function	draw_blended_polygon	void __cdecl (void *record)	A mesh's polygon from a layer's sorted list: both passes at once, one pass, or clipped
10007200	function	draw_blended_sprite	void __cdecl (void *record)	
10007420	function	draw_blended_stars	void __cdecl (void *record)	
10006f90	function	draw_polygon	void __cdecl (void *record)	Draws one polygon as a fan, or its lines, and tests its triangles against the sun
10003100	function	draw_clipped	void __cdecl (void *record)	Clips a polygon triangle by triangle and draws each piece as a fan
1000beb0	function	clip_triangle	void __fastcall (void *record, int triangle)	Clips a triangle of a polygon in the camera's frame against the planes its polygon crosses, near, left, right, top and bottom in turn, and against those the vertices each cut makes lie outside while their turn is to come; then projects what is left, kept within the viewport
1000c380	function	clip_vertex_cut	void __fastcall (void *vertex)	Cuts a clip vertex off by clip_plane_equation when it lies outside: moves it onto the plane toward the neighbour inside, adds a second vertex when both neighbours are inside, or unlinks it when both are outside
1000c580	function	clip_list_insert	void * __fastcall (void *vertex)	Links a new vertex from the clip list's store in before the given one; asserts clip_list->count < 64
1000c5e0	function	clip_vertex_between	void __fastcall (void *vertex, void *from, void *to, float t)	Sets a clip vertex t of the way from one vertex to another, with the attributes clip_attributes names, then its clip flags
1000c700	function	SR_clip_vertex_set_clip_flags	void __fastcall (void *vertex)	The planes a vertex the clipper made lies outside, the near plane and the sides alike, less clip_plane; ORs them into clip_planes. With clip_sets_flags clear, none
1000c7c0	function	clip_object_planes	void __fastcall (void *planes)	Cuts the clip list by the planes an object flagged 0x2 carries at +0xAC: one, with flag 0x100, or a list, with 0x200
1000f380	function	plane_set	void __thiscall (float a, float b, float c, float d)	Sets the plane in ECX to a x + b y + c z + d, positive outside
10012400	function	screen_clamp	void __fastcall (float *screen)	Keeps a point on the screen within the viewport, as the payload's 0x004C5DC0 does
10001fd0	function	sun_test	int __fastcall (float *a, float *b, float *c)	Lessens the sun's visibility to a triangle's nearest edge, or to 0 when the triangle covers the sun's point
1000c9d0	function	sprite_cut	void __fastcall (void *sprite, float *u, float *v, float *rect)	A sprite's rectangle cut to the view's bounds, and its texture coordinates cut to match
10007220	function	draw_sprite	void __fastcall (void *sprite)	Draws a sprite as a strip of two triangles
10007450	function	draw_star_points	void __fastcall (void *stars)	Draws a field's visible stars: a point, or a line back to last frame's place with the tail at half brightness
10002d10	function	draw_mesh_sorted	void __fastcall (void *object)	Sorts all of a mesh's visible polygons, farthest first, and draws them at once: every mesh on the overlay layer and objects flagged 0x4
10009420	function	sr_round	int __cdecl (float x)	x rounded to the nearest whole number
1000bba0	function	depth_sort	void * __fastcall (void *list)	The payload's depth_sort, for draw_mesh_sorted
10006ab0	function	texture_upload	int __fastcall (void *image, uint flags)	Makes the device texture for an image
10003840	function	texture_release	int __fastcall (void *image)	Frees an image's device texture, at its +0xA4
1005f6dc	data	d3d_device	void *	The IDirect3DDevice7
10057e24	data	sr_context	void *	The payload's sr_context
10057e20	data	current_material	SurrenderMaterial *	
1002a4c4	data	current_pass	int	0 or 1
10029840	data	current_layer	int	
10057e0c	data	blend_source	int[5]	The D3DBLEND source factor for each MaterialBlend
1002977c	data	blend_destination	int[5]	The D3DBLEND destination factor for each MaterialBlend
100297c8	data	highlights		The eight highlight textures, 16 bytes apart
10056528	data	stage_table		11 bytes for each material combination: state, stage count, then per stage the first and second arguments and the operation
10069d18	data	clip_list	int *	The clipper's list: the polygon's corner count, the vertices left, the vertices made (under 64), the store of 0x5C-byte vertices at +0x10, the first vertex at +0x14
10069d00	data	clip_planes	uint	The planes clip_triangle still cuts by: the polygon's, and those each vertex it makes lies outside
10069ce0	data	clip_plane	uint	The bit of the plane being cut by: 0x10 near, 0x1 left, 0x2 right, 0x4 top, 0x8 bottom
10069d04	data	clip_plane_equation	float[4]	The plane being cut by, a, b, c and d, positive outside
10069cf8	data	clip_sets_flags	bool	Whether the vertices a cut makes get clip flags: set for the view volume's planes, clear for an object's own
10069cec	data	clip_attributes	uint	The clipped mesh's +0x2C, the attributes the clipper carries along: 0x1 and 0x2 the passes' mesh coordinates, 0x4 and 0x8 the generated ones, 0x400 the colours
10069d14	data	clip_near	float	The near plane's distance, sr + 0x169E, for the clipper
10069cf0	data	clip_left	float	The view's left edge over depth, sr + 0x1672, for the clipper
10069cf4	data	clip_right	float	The right edge, sr + 0x1676
10069cfc	data	clip_top	float	The top edge, sr + 0x168A
10069ce4	data	clip_bottom	float	The bottom edge, sr + 0x168E
